Distribution,Spends
Other Digital Spends,7588025731.692235
TV,5989112112.0
Meta,651775436.7540715
DV360,1592818457.124093
